Plant_Tau[ms],Pos_RMSE[m],Pos_MAE[m],Pos_MaxErr[m],Vel_RMSE[m/s],Vel_MAE[m/s],Vel_MaxErr[m/s]
50,0.000000,0.000000,0.000000,0.000000,0.000000,0.000000
100,0.000000,0.000000,0.000000,0.000000,0.000000,0.000000
150,0.000000,0.000000,0.000000,0.000000,0.000000,0.000000
200,0.000000,0.000000,0.000000,0.000000,0.000000,0.000000
